abbreviation_en,abbreviation_fr,short_name_en,instrument_name_en,srs_section,noted_on
CER,REP,CER,Clean Electricity Regulations,3.1,2026-08-26
FPR,RFP,,Federal Plastics Registry,3.1,2026-08-26
LFG,SGE,LFG Survey,Landfill Gas Survey,3.1,2026-08-26
LMR,RMLE,,Landfill Methane Regulations,3.1,2026-08-26
PCTSR,RSSTI,,"Prohibition of Certain Toxic Substances Regulations",3.1,2026-08-26
PPRM,,,Pulp and Paper Regulatory Management,3.1,2026-08-26
VOC,COV,VOC Phase 2 Regulations,"Reduction in the Release of Volatile Organic Compounds",3.1,2026-08-26
MGBH,OMCG,MGBH Permit,Migratory Game Bird Hunting (MGBH) Permit,3.1,2026-08-26
ANR,RNA,,Abandoned Nest Registry (ANR),3.1,2026-08-26
